Base_0223.jpg,3.0
Adidas_0141.jpg,0.0
Bridgestone-text_0153.jpg,8.0
Nike_2180.jpg,20.0
Airness_0087.jpg,2.0
Puma_0552.jpg,22.0
Dexia_0240.jpg,14.0
Nike_1655.jpg,20.0
TNT_0044.jpg,31.0
Umbro_0336.jpg,33.0
Citroen_0122.jpg,10.0
Adidas_0634.jpg,0.0
Mercedes_0072.jpg,19.0
Citroen_0088.jpg,10.0
Nike_1286.jpg,20.0
BFGoodrich_0239.jpg,4.0
Puma_0694.jpg,22.0
Standard_Liege_0177.jpg,29.0
Nike_1583.jpg,20.0
BFGoodrich_0219.jpg,4.0
Reebok_0037.jpg,25.0
Nike_1057.jpg,20.0
ELeclerc_0002.jpg,15.0
Shell_0081.jpg,27.0
Puma_0591.jpg,22.0
Puma_0698.jpg,22.0
Adidas_0150.jpg,0.0
Citroen-text_0080.jpg,11.0
Dexia_0031.jpg,14.0
Citroen-text_0249.jpg,11.0
Puma_0010.jpg,22.0
BFGoodrich_0252.jpg,4.0
Dexia_0226.jpg,14.0
Adidas_0876.jpg,0.0
Shell_0045.jpg,27.0
Nike_0148.jpg,20.0
Carglass_0062.jpg,9.0
Umbro_0474.jpg,33.0
BFGoodrich_0217.jpg,4.0
Citroen_0056.jpg,10.0
Bik_0025.jpg,5.0
Puma_0063.jpg,22.0
Base_0163.jpg,3.0
Nike_1595.jpg,20.0
BFGoodrich_0183.jpg,4.0
Dexia_0349.jpg,14.0
Puma_0770.jpg,22.0
Bridgestone_0014.jpg,7.0
Nike_1354.jpg,20.0
Umbro_0131.jpg,33.0
Nike_1993.jpg,20.0
Mercedes_0007.jpg,19.0
Mercedes_0011.jpg,19.0
Nike_1444.jpg,20.0
Standard_Liege_0289.jpg,29.0
Nike_1568.jpg,20.0
Adidas-text_0010.jpg,1.0
Nike_0846.jpg,20.0
Kia_0114.jpg,18.0
Nike_0515.jpg,20.0
Dexia_0180.jpg,14.0
Adidas-text_0115.jpg,1.0
Umbro_0185.jpg,33.0
Mercedes_0263.jpg,19.0
Veolia_0003.jpg,35.0
Umbro_0578.jpg,33.0
Quick_0067.jpg,24.0
Mercedes_0060.jpg,19.0
Citroen-text_0120.jpg,11.0
Adidas_0045.jpg,0.0
Adidas_0328.jpg,0.0
Shell_0120.jpg,27.0
Nike_2064.jpg,20.0
Nike_1571.jpg,20.0
Dexia_0131.jpg,14.0
Nike_1640.jpg,20.0
Nike_2211.jpg,20.0
Umbro_0096.jpg,33.0
Citroen-text_0042.jpg,11.0
Nike_0895.jpg,20.0
Shell_0124.jpg,27.0
Nike_1673.jpg,20.0
Shell_0027.jpg,27.0
Adidas_0224.jpg,0.0
Nike_0574.jpg,20.0
Nike_2194.jpg,20.0
Adidas_0380.jpg,0.0
SNCF_0007.jpg,28.0
Puma-text_0031.jpg,23.0
Adidas-text_0111.jpg,1.0
Nike_0144.jpg,20.0
Mercedes_0049.jpg,19.0
BFGoodrich_0013.jpg,4.0
Dexia_0207.jpg,14.0
Umbro_0616.jpg,33.0
Puma_0102.jpg,22.0
Kia_0172.jpg,18.0
SNCF_0009.jpg,28.0
Citroen-text_0121.jpg,11.0
Adidas-text_0084.jpg,1.0
Nike_1905.jpg,20.0
Nike_0169.jpg,20.0
Puma_0328.jpg,22.0
Kia_0212.jpg,18.0
Adidas_0844.jpg,0.0
Nike_1676.jpg,20.0
Bik_0155.jpg,5.0
Kia_0211.jpg,18.0
Nike_1471.jpg,20.0
Kia_0037.jpg,18.0
BFGoodrich_0108.jpg,4.0
Nike_1650.jpg,20.0
Dexia_0102.jpg,14.0
Base_0185.jpg,3.0
Airness_0077.jpg,2.0
Dexia_0250.jpg,14.0
Adidas-text_0094.jpg,1.0
Dexia_0575.jpg,14.0
Mercedes_0075.jpg,19.0
Puma_0149.jpg,22.0
Shell_0191.jpg,27.0
Citroen-text_0266.jpg,11.0
Base_0046.jpg,3.0
Puma_0506.jpg,22.0
Nike_0435.jpg,20.0
Ferrari_0010.jpg,16.0
Puma-text_0011.jpg,23.0
Airness_0099.jpg,2.0
Dexia_0188.jpg,14.0
Citroen-text_0006.jpg,11.0
Puma_0643.jpg,22.0
Bridgestone-text_0093.jpg,8.0
Dexia_0337.jpg,14.0
Mercedes_0206.jpg,19.0
Ferrari_0028.jpg,16.0
StellaArtois_0023.jpg,30.0
Nike_0086.jpg,20.0
Quick_0022.jpg,24.0
Puma-text_0028.jpg,23.0
Dexia_0116.jpg,14.0
Bridgestone-text_0104.jpg,8.0
Reebok_0020.jpg,25.0
Quick_0163.jpg,24.0
Adidas_0318.jpg,0.0
Nike_0328.jpg,20.0
Bik_0230.jpg,5.0
BFGoodrich_0164.jpg,4.0
Puma-text_0071.jpg,23.0
Adidas_0552.jpg,0.0
Bik_0081.jpg,5.0
Quick_0191.jpg,24.0
Adidas_0149.jpg,0.0
Shell_0171.jpg,27.0
Nike_2187.jpg,20.0
Nike_1994.jpg,20.0
Nike_2186.jpg,20.0
Standard_Liege_0128.jpg,29.0
Adidas_0382.jpg,0.0
Umbro_0035.jpg,33.0
Dexia_0505.jpg,14.0
Standard_Liege_0099.jpg,29.0
Adidas_0327.jpg,0.0
Nike_0702.jpg,20.0
Mercedes_0209.jpg,19.0
Puma_0087.jpg,22.0
Shell_0146.jpg,27.0
Citroen-text_0293.jpg,11.0
Bik_0200.jpg,5.0
Kia_0086.jpg,18.0
Kia_0062.jpg,18.0
Nike_1370.jpg,20.0
Nike_1068.jpg,20.0
BFGoodrich_0151.jpg,4.0
Puma_0215.jpg,22.0
Quick_0228.jpg,24.0
Kia_0202.jpg,18.0
Adidas_0406.jpg,0.0
Umbro_0569.jpg,33.0
Nike_1818.jpg,20.0
Adidas_0982.jpg,0.0
Bik_0128.jpg,5.0
Bridgestone-text_0030.jpg,8.0
Nike_1948.jpg,20.0
Adidas_0333.jpg,0.0
Quick_0153.jpg,24.0
Standard_Liege_0214.jpg,29.0
Nike_1050.jpg,20.0
Umbro_0579.jpg,33.0
BFGoodrich_0230.jpg,4.0
Adidas_0004.jpg,0.0
Nike_1611.jpg,20.0
Citroen-text_0274.jpg,11.0
TNT_0027.jpg,31.0
Dexia_0185.jpg,14.0
BFGoodrich_0098.jpg,4.0
Nike_0614.jpg,20.0
BFGoodrich_0141.jpg,4.0
Kia_0102.jpg,18.0
Puma_0302.jpg,22.0
Base_0238.jpg,3.0
Umbro_0213.jpg,33.0
Nike_0108.jpg,20.0
Nike_0784.jpg,20.0
Quick_0187.jpg,24.0
Puma_0622.jpg,22.0
Adidas_0339.jpg,0.0
Dexia_0058.jpg,14.0
BFGoodrich_0041.jpg,4.0
Puma_0219.jpg,22.0
Puma_0524.jpg,22.0
Ferrari_0107.jpg,16.0
Carglass_0040.jpg,9.0
Adidas_0159.jpg,0.0
Nike_0415.jpg,20.0
Citroen-text_0048.jpg,11.0
Puma_0340.jpg,22.0
Nike_2100.jpg,20.0
Puma_0115.jpg,22.0
Nike_1119.jpg,20.0
Nike_0166.jpg,20.0
Mercedes_0028.jpg,19.0
Nike_0739.jpg,20.0
Bridgestone_0093.jpg,7.0
Quick_0007.jpg,24.0
BFGoodrich_0148.jpg,4.0
CocaCola_0029.jpg,12.0
Adidas-text_0085.jpg,1.0
Adidas_0950.jpg,0.0
Adidas_0262.jpg,0.0
Standard_Liege_0257.jpg,29.0
Nike_1289.jpg,20.0
Nike_0412.jpg,20.0
Dexia_0094.jpg,14.0
Standard_Liege_0288.jpg,29.0
Bridgestone-text_0018.jpg,8.0
Nike_0929.jpg,20.0
Dexia_0567.jpg,14.0
TNT_0093.jpg,31.0
Base_0104.jpg,3.0
Adidas_0847.jpg,0.0
Nike_0221.jpg,20.0
Dexia_0471.jpg,14.0
Base_0050.jpg,3.0
Nike_1857.jpg,20.0
Nike_1156.jpg,20.0
Adidas_0986.jpg,0.0
Umbro_0057.jpg,33.0
Adidas_0539.jpg,0.0
Nike_0335.jpg,20.0
Nike_1677.jpg,20.0
Kia_0015.jpg,18.0
Puma_0133.jpg,22.0
Nike_2075.jpg,20.0
Nike_0516.jpg,20.0
Airness_0018.jpg,2.0
Nike_0284.jpg,20.0
Bik_0262.jpg,5.0
Dexia_0461.jpg,14.0
Puma_0283.jpg,22.0
Dexia_0244.jpg,14.0
Nike_1722.jpg,20.0
Puma_0593.jpg,22.0
Standard_Liege_0303.jpg,29.0
VRT_0002.jpg,36.0
Nike_1238.jpg,20.0
Mercedes_0029.jpg,19.0
Carglass_0008.jpg,9.0
Citroen_0178.jpg,10.0
Quick_0152.jpg,24.0
Citroen_0224.jpg,10.0
Citroen_0057.jpg,10.0
Adidas_0288.jpg,0.0
Adidas_0503.jpg,0.0
Adidas_0826.jpg,0.0
Dexia_0247.jpg,14.0
Adidas_0825.jpg,0.0
Nike_1356.jpg,20.0
Nike_0456.jpg,20.0
Veolia_0062.jpg,35.0
Veolia_0057.jpg,35.0
Nike_1747.jpg,20.0
Adidas_0073.jpg,0.0
Nike_2113.jpg,20.0
Citroen-text_0013.jpg,11.0
Nike_1570.jpg,20.0
Adidas_0789.jpg,0.0
Nike_1687.jpg,20.0
Dexia_0111.jpg,14.0
Nike_1290.jpg,20.0
StellaArtois_0022.jpg,30.0
Nike_1042.jpg,20.0
Umbro_0322.jpg,33.0
Kia_0113.jpg,18.0
Nike_1816.jpg,20.0
Nike_0579.jpg,20.0
Citroen-text_0073.jpg,11.0
Nike_1690.jpg,20.0
Bik_0101.jpg,5.0
Umbro_0494.jpg,33.0
Nike_1918.jpg,20.0
Citroen_0235.jpg,10.0
Puma-text_0039.jpg,23.0
Umbro_0367.jpg,33.0
Quick_0129.jpg,24.0
Kia_0045.jpg,18.0
Bridgestone-text_0120.jpg,8.0
Puma_0348.jpg,22.0
Puma_0456.jpg,22.0
Puma_0239.jpg,22.0
Adidas_0053.jpg,0.0
Adidas_0421.jpg,0.0
Bridgestone_0035.jpg,7.0
Base_0091.jpg,3.0
Nike_0999.jpg,20.0
Nike_0931.jpg,20.0
Base_0042.jpg,3.0
Standard_Liege_0280.jpg,29.0
Dexia_0563.jpg,14.0
Nike_0840.jpg,20.0
Nike_1567.jpg,20.0
Ferrari_0141.jpg,16.0
Nike_0670.jpg,20.0
Shell_0005.jpg,27.0
Standard_Liege_0169.jpg,29.0
Base_0092.jpg,3.0
Standard_Liege_0004.jpg,29.0
Citroen-text_0244.jpg,11.0
Shell_0225.jpg,27.0
BFGoodrich_0053.jpg,4.0
Kia_0024.jpg,18.0
Airness_0098.jpg,2.0
Total_0032.jpg,32.0
Bik_0057.jpg,5.0
ELeclerc_0001.jpg,15.0
Adidas_0083.jpg,0.0
Shell_0233.jpg,27.0
Nike_0982.jpg,20.0
TNT_0169.jpg,31.0
Nike_1164.jpg,20.0
CocaCola_0059.jpg,12.0
Bik_0122.jpg,5.0
Puma_0398.jpg,22.0
Adidas_0235.jpg,0.0
Mercedes_0248.jpg,19.0
Nike_0876.jpg,20.0
Umbro_0130.jpg,33.0
TNT_0112.jpg,31.0
Mercedes_0162.jpg,19.0
Kia_0108.jpg,18.0
Nike_1426.jpg,20.0
BFGoodrich_0076.jpg,4.0
Umbro_0545.jpg,33.0
Shell_0115.jpg,27.0
Airness_0090.jpg,2.0
CocaCola_0019.jpg,12.0
Nike_1763.jpg,20.0
Base_0126.jpg,3.0
Base_0176.jpg,3.0
Citroen-text_0079.jpg,11.0
Shell_0020.jpg,27.0
Carglass_0019.jpg,9.0
Bridgestone-text_0194.jpg,8.0
Nike_1199.jpg,20.0
Adidas_0605.jpg,0.0
Dexia_0189.jpg,14.0
Umbro_0514.jpg,33.0
Umbro_0038.jpg,33.0
BFGoodrich_0128.jpg,4.0
Citroen_0024.jpg,10.0
Bik_0267.jpg,5.0
Nike_1154.jpg,20.0
Citroen_0239.jpg,10.0
Nike_2181.jpg,20.0
Ferrari_0166.jpg,16.0
Umbro_0387.jpg,33.0
Base_0026.jpg,3.0
Umbro_0338.jpg,33.0
Adidas-text_0077.jpg,1.0
Kia_0117.jpg,18.0
Nike_0709.jpg,20.0
Quick_0091.jpg,24.0
Nike_1311.jpg,20.0
Adidas_0121.jpg,0.0
Citroen-text_0294.jpg,11.0
Citroen_0038.jpg,10.0
Citroen_0060.jpg,10.0
BFGoodrich_0166.jpg,4.0
Nike_0841.jpg,20.0
Base_0045.jpg,3.0
Umbro_0473.jpg,33.0
Bridgestone-text_0187.jpg,8.0
Adidas_1042.jpg,0.0
Nike_0967.jpg,20.0
Adidas_0617.jpg,0.0
Bik_0229.jpg,5.0
Airness_0039.jpg,2.0
Bouigues_0004.jpg,6.0
Cofidis_0019.jpg,13.0
Nike_0718.jpg,20.0
Bik_0045.jpg,5.0
Mercedes_0058.jpg,19.0
Standard_Liege_0325.jpg,29.0
Dexia_0504.jpg,14.0
Adidas_0738.jpg,0.0
Nike_0962.jpg,20.0
Umbro_0065.jpg,33.0
Puma_0186.jpg,22.0
Kia_0237.jpg,18.0
Total_0011.jpg,32.0
Adidas_0186.jpg,0.0
Umbro_0137.jpg,33.0
Quick_0142.jpg,24.0
Puma_0371.jpg,22.0
Nike_1499.jpg,20.0
Nike_1598.jpg,20.0
Bik_0217.jpg,5.0
Nike_1044.jpg,20.0
Nike_1420.jpg,20.0
Puma_0112.jpg,22.0
Nike_1970.jpg,20.0
BFGoodrich_0017.jpg,4.0
Bridgestone_0089.jpg,7.0
Shell_0196.jpg,27.0
Nike_0020.jpg,20.0
Ferrari_0040.jpg,16.0
Puma_0766.jpg,22.0
Dexia_0306.jpg,14.0
Nike_1602.jpg,20.0
BFGoodrich_0200.jpg,4.0
Standard_Liege_0250.jpg,29.0
Dexia_0483.jpg,14.0
Nike_1351.jpg,20.0
Nike_0460.jpg,20.0
Standard_Liege_0145.jpg,29.0
Nike_1855.jpg,20.0
Umbro_0378.jpg,33.0
TNT_0124.jpg,31.0
Puma_0266.jpg,22.0
Puma_0335.jpg,22.0
Nike_1295.jpg,20.0
Adidas_0356.jpg,0.0
Adidas_0956.jpg,0.0
Puma_0127.jpg,22.0
Puma_0184.jpg,22.0
Dexia_0398.jpg,14.0
Puma_0648.jpg,22.0
Puma-text_0070.jpg,23.0
Adidas-text_0156.jpg,1.0
Citroen-text_0170.jpg,11.0
Nike_1457.jpg,20.0
Citroen_0185.jpg,10.0
Base_0033.jpg,3.0
Nike_2012.jpg,20.0
Base_0082.jpg,3.0
Nike_0512.jpg,20.0
Nike_1748.jpg,20.0
Nike_1751.jpg,20.0
Nike_2051.jpg,20.0
Base_0192.jpg,3.0
Bridgestone_0088.jpg,7.0
Nike_1035.jpg,20.0
Dexia_0497.jpg,14.0
Adidas_0652.jpg,0.0
BFGoodrich_0079.jpg,4.0
Adidas_0702.jpg,0.0
Nike_0085.jpg,20.0
Quick_0150.jpg,24.0
Adidas-text_0057.jpg,1.0
Citroen-text_0280.jpg,11.0
Dexia_0335.jpg,14.0
Puma_0719.jpg,22.0
Mercedes_0215.jpg,19.0
Dexia_0409.jpg,14.0
Nike_0473.jpg,20.0
Puma_0031.jpg,22.0
Nike_1479.jpg,20.0
Nike_0466.jpg,20.0
Puma_0023.jpg,22.0
Nike_0610.jpg,20.0
Nike_1938.jpg,20.0
Ferrari_0162.jpg,16.0
Cofidis_0026.jpg,13.0
Standard_Liege_0334.jpg,29.0
Nike_1138.jpg,20.0
Adidas_0526.jpg,0.0
Bridgestone_0103.jpg,7.0
Dexia_0162.jpg,14.0
Puma-text_0025.jpg,23.0
Nike_1174.jpg,20.0
Citroen_0102.jpg,10.0
Umbro_0122.jpg,33.0
Mercedes_0063.jpg,19.0
Nike_0208.jpg,20.0
Nike_0628.jpg,20.0
Dexia_0353.jpg,14.0
Citroen-text_0053.jpg,11.0
Veolia_0001.jpg,35.0
Kia_0183.jpg,18.0
Nike_0688.jpg,20.0
Nike_1013.jpg,20.0
Nike_1278.jpg,20.0
Puma_0568.jpg,22.0
BFGoodrich_0251.jpg,4.0
Citroen_0226.jpg,10.0
Citroen-text_0123.jpg,11.0
Kia_0148.jpg,18.0
Puma_0403.jpg,22.0
Adidas_0266.jpg,0.0
Puma_0064.jpg,22.0
Puma_0030.jpg,22.0
Puma_0172.jpg,22.0
Standard_Liege_0225.jpg,29.0
Puma_0664.jpg,22.0
Adidas_0256.jpg,0.0
Bridgestone-text_0002.jpg,8.0
Base_0047.jpg,3.0
CocaCola_0006.jpg,12.0
Nike_0689.jpg,20.0
Nike_2095.jpg,20.0
Ferrari_0108.jpg,16.0
Bik_0089.jpg,5.0
Adidas_0547.jpg,0.0
Kia_0061.jpg,18.0
TNT_0158.jpg,31.0
Citroen-text_0041.jpg,11.0
Standard_Liege_0199.jpg,29.0
Citroen-text_0255.jpg,11.0
Umbro_0255.jpg,33.0
Base_0147.jpg,3.0
Puma_0292.jpg,22.0
Adidas_0845.jpg,0.0
Total_0048.jpg,32.0
Nike_0229.jpg,20.0
Dexia_0446.jpg,14.0
Nike_1521.jpg,20.0
Nike_1110.jpg,20.0
Ferrari_0114.jpg,16.0
Mercedes_0255.jpg,19.0
Mercedes_0096.jpg,19.0
Ferrari_0157.jpg,16.0
Umbro_0016.jpg,33.0
Nike_0004.jpg,20.0
Citroen-text_0097.jpg,11.0
Adidas_0480.jpg,0.0
Standard_Liege_0256.jpg,29.0
Base_0071.jpg,3.0
Nike_1940.jpg,20.0
Adidas-text_0040.jpg,1.0
Citroen-text_0161.jpg,11.0
Standard_Liege_0036.jpg,29.0
Standard_Liege_0096.jpg,29.0
Bik_0150.jpg,5.0
Nike_1096.jpg,20.0
Adidas_0997.jpg,0.0
Shell_0209.jpg,27.0
Bik_0183.jpg,5.0
Nike_0671.jpg,20.0
Nike_0951.jpg,20.0
Bridgestone-text_0111.jpg,8.0
Citroen-text_0312.jpg,11.0
Bik_0255.jpg,5.0
Ferrari_0056.jpg,16.0
Nike_1757.jpg,20.0
Nike_2023.jpg,20.0
Quick_0049.jpg,24.0
Veolia_0059.jpg,35.0
Nike_0000.jpg,20.0
Base_0188.jpg,3.0
Nike_0860.jpg,20.0
Dexia_0371.jpg,14.0
Puma_0261.jpg,22.0
Umbro_0432.jpg,33.0
Ferrari_0092.jpg,16.0
Puma_0532.jpg,22.0
Standard_Liege_0040.jpg,29.0
Mercedes_0178.jpg,19.0
Mercedes_0139.jpg,19.0
Nike_1040.jpg,20.0
Umbro_0059.jpg,33.0
StellaArtois_0016.jpg,30.0
Puma_0527.jpg,22.0
Adidas_0226.jpg,0.0
Mercedes_0200.jpg,19.0
Dexia_0578.jpg,14.0
Adidas_0946.jpg,0.0
Puma_0153.jpg,22.0
Citroen-text_0330.jpg,11.0
Adidas_0940.jpg,0.0
Umbro_0233.jpg,33.0
Dexia_0509.jpg,14.0
Nike_0866.jpg,20.0
Dexia_0261.jpg,14.0
Nike_0302.jpg,20.0
Dexia_0173.jpg,14.0
Puma_0267.jpg,22.0
Nike_1627.jpg,20.0
Nike_0245.jpg,20.0
Nike_0282.jpg,20.0
Ferrari_0015.jpg,16.0
Nike_1093.jpg,20.0
Puma_0737.jpg,22.0
Adidas_0554.jpg,0.0
CocaCola_0058.jpg,12.0
Nike_0291.jpg,20.0
Adidas_0212.jpg,0.0
Adidas_0451.jpg,0.0
Nike_0421.jpg,20.0
Adidas_0252.jpg,0.0
TNT_0111.jpg,31.0
Nike_1132.jpg,20.0
Citroen-text_0148.jpg,11.0
Nike_1706.jpg,20.0
Ferrari_0093.jpg,16.0
Dexia_0308.jpg,14.0
Dexia_0170.jpg,14.0
Umbro_0345.jpg,33.0
Adidas-text_0114.jpg,1.0
Nike_0965.jpg,20.0
Nike_1126.jpg,20.0
Mercedes_0086.jpg,19.0
Nike_1621.jpg,20.0
Puma_0470.jpg,22.0
Citroen-text_0264.jpg,11.0
BFGoodrich_0246.jpg,4.0
Adidas_0030.jpg,0.0
Kia_0038.jpg,18.0
Umbro_0601.jpg,33.0
Puma_0777.jpg,22.0
Adidas_0525.jpg,0.0
Adidas_0966.jpg,0.0
Nike_1481.jpg,20.0
Adidas_0322.jpg,0.0
BFGoodrich_0269.jpg,4.0
Adidas_0524.jpg,0.0
Standard_Liege_0292.jpg,29.0
Adidas-text_0024.jpg,1.0
Standard_Liege_0023.jpg,29.0
Nike_1720.jpg,20.0
Adidas_1004.jpg,0.0
Citroen_0119.jpg,10.0
Citroen-text_0217.jpg,11.0
Quick_0241.jpg,24.0
Adidas_1034.jpg,0.0
Dexia_0056.jpg,14.0
Standard_Liege_0087.jpg,29.0
Nike_0433.jpg,20.0
BFGoodrich_0175.jpg,4.0
Standard_Liege_0378.jpg,29.0
Umbro_0549.jpg,33.0
Umbro_0466.jpg,33.0
Puma_0606.jpg,22.0
Puma_0420.jpg,22.0
Nike_1792.jpg,20.0
Umbro_0472.jpg,33.0
BFGoodrich_0263.jpg,4.0
Nike_0960.jpg,20.0
Carglass_0017.jpg,9.0
Standard_Liege_0090.jpg,29.0
TNT_0005.jpg,31.0
Kia_0185.jpg,18.0
Nike_1001.jpg,20.0
Base_0013.jpg,3.0
Nike_0019.jpg,20.0
Standard_Liege_0371.jpg,29.0
Nike_0591.jpg,20.0
Ferrari_0075.jpg,16.0
Base_0134.jpg,3.0
Mercedes_0105.jpg,19.0
Dexia_0624.jpg,14.0
US_President_0009.jpg,34.0
Shell_0130.jpg,27.0
BFGoodrich_0292.jpg,4.0
Umbro_0138.jpg,33.0
CocaCola_0078.jpg,12.0
TNT_0134.jpg,31.0
Umbro_0357.jpg,33.0
Umbro_0541.jpg,33.0
Umbro_0095.jpg,33.0
Adidas_0999.jpg,0.0
CocaCola_0082.jpg,12.0
Airness_0026.jpg,2.0
Nike_0429.jpg,20.0
Adidas_0018.jpg,0.0
Bridgestone_0041.jpg,7.0
Base_0014.jpg,3.0
Nike_0899.jpg,20.0
Citroen_0146.jpg,10.0
Dexia_0201.jpg,14.0
Citroen-text_0221.jpg,11.0
Bik_0235.jpg,5.0
Adidas-text_0154.jpg,1.0
Base_0160.jpg,3.0
Puma_0515.jpg,22.0
Standard_Liege_0220.jpg,29.0
Shell_0198.jpg,27.0
Bik_0222.jpg,5.0
Umbro_0007.jpg,33.0
Base_0019.jpg,3.0
Bridgestone-text_0047.jpg,8.0
Adidas-text_0029.jpg,1.0
Kia_0072.jpg,18.0
Puma_0669.jpg,22.0
Adidas_0532.jpg,0.0
Adidas_0559.jpg,0.0
Base_0006.jpg,3.0
Adidas_0359.jpg,0.0
Citroen_0000.jpg,10.0
Shell_0056.jpg,27.0
Adidas_0400.jpg,0.0
Ferrari_0064.jpg,16.0
Nike_0472.jpg,20.0
Bik_0042.jpg,5.0
Nike_0088.jpg,20.0
Kia_0118.jpg,18.0
Adidas_0023.jpg,0.0
Umbro_0592.jpg,33.0
Standard_Liege_0140.jpg,29.0
Puma_0276.jpg,22.0
Bridgestone-text_0000.jpg,8.0
Nike_2094.jpg,20.0
Bridgestone-text_0086.jpg,8.0
Nike_0240.jpg,20.0
Dexia_0105.jpg,14.0
Nike_0123.jpg,20.0
Bik_0091.jpg,5.0
Puma_0695.jpg,22.0
Umbro_0027.jpg,33.0
Nike_1510.jpg,20.0
Citroen-text_0035.jpg,11.0
Nike_0815.jpg,20.0
Carglass_0058.jpg,9.0
TNT_0042.jpg,31.0
Nike_1412.jpg,20.0
Umbro_0024.jpg,33.0
Citroen_0183.jpg,10.0
Adidas-text_0006.jpg,1.0
ELeclerc_0008.jpg,15.0
Bik_0176.jpg,5.0
Adidas_0289.jpg,0.0
Adidas_0619.jpg,0.0
Nike_0039.jpg,20.0
TNT_0129.jpg,31.0
Adidas_0746.jpg,0.0
Total_0072.jpg,32.0
Nike_0772.jpg,20.0
Adidas_0195.jpg,0.0
Base_0113.jpg,3.0
Mercedes_0184.jpg,19.0
Adidas_0947.jpg,0.0
Nike_1469.jpg,20.0
Adidas_0016.jpg,0.0
Puma_0514.jpg,22.0
Nike_1530.jpg,20.0
Citroen_0080.jpg,10.0
Ferrari_0052.jpg,16.0
Kia_0181.jpg,18.0
Ferrari_0025.jpg,16.0
Kia_0198.jpg,18.0
Bik_0269.jpg,5.0
Umbro_0612.jpg,33.0
Puma_0472.jpg,22.0
Bik_0161.jpg,5.0
Standard_Liege_0319.jpg,29.0
Base_0211.jpg,3.0
Puma-text_0046.jpg,23.0
Bik_0118.jpg,5.0
Base_0058.jpg,3.0
Mercedes_0147.jpg,19.0
Nike_1852.jpg,20.0
Dexia_0164.jpg,14.0
Bik_0203.jpg,5.0
Nike_1083.jpg,20.0
Nike_0961.jpg,20.0
Nike_1239.jpg,20.0
Base_0125.jpg,3.0
Puma_0651.jpg,22.0
Standard_Liege_0285.jpg,29.0
Adidas_0700.jpg,0.0
Umbro_0295.jpg,33.0
TNT_0122.jpg,31.0
Puma_0590.jpg,22.0
Kia_0179.jpg,18.0
Adidas_0676.jpg,0.0
Puma_0333.jpg,22.0
Citroen_0159.jpg,10.0
Nike_1233.jpg,20.0
Bridgestone_0022.jpg,7.0
Bik_0208.jpg,5.0
Umbro_0605.jpg,33.0
Standard_Liege_0265.jpg,29.0
Standard_Liege_0200.jpg,29.0
Adidas_0127.jpg,0.0
Bik_0240.jpg,5.0
Nike_0607.jpg,20.0
Carglass_0048.jpg,9.0
Nike_0583.jpg,20.0
Dexia_0186.jpg,14.0
Shell_0168.jpg,27.0
Mercedes_0033.jpg,19.0
Umbro_0451.jpg,33.0
Citroen-text_0119.jpg,11.0
Standard_Liege_0217.jpg,29.0
Citroen-text_0074.jpg,11.0
Dexia_0330.jpg,14.0
Adidas_0343.jpg,0.0
Umbro_0110.jpg,33.0
Nike_2076.jpg,20.0
Carglass_0036.jpg,9.0
Nike_0824.jpg,20.0
Citroen-text_0017.jpg,11.0
Umbro_0359.jpg,33.0
Base_0217.jpg,3.0
Nike_1954.jpg,20.0
Nike_1572.jpg,20.0
Carglass_0037.jpg,9.0
Nike_1765.jpg,20.0
Nike_0347.jpg,20.0
Total_0095.jpg,32.0
Quick_0169.jpg,24.0
Kia_0129.jpg,18.0
Nike_0130.jpg,20.0
Base_0023.jpg,3.0
Puma_0143.jpg,22.0
Mercedes_0042.jpg,19.0
Adidas_0325.jpg,0.0
Adidas_0488.jpg,0.0
Umbro_0423.jpg,33.0
Ferrari_0101.jpg,16.0
Bik_0078.jpg,5.0
Adidas_0904.jpg,0.0
Dexia_0230.jpg,14.0
Adidas_0988.jpg,0.0
StellaArtois_0020.jpg,30.0
Adidas_0424.jpg,0.0
Puma_0122.jpg,22.0
Adidas-text_0022.jpg,1.0
Nike_1139.jpg,20.0
Puma_0041.jpg,22.0
Citroen_0011.jpg,10.0
Airness_0114.jpg,2.0
Adidas_1038.jpg,0.0
Citroen-text_0329.jpg,11.0
Puma_0045.jpg,22.0
Dexia_0529.jpg,14.0
Mercedes_0207.jpg,19.0
Nike_1562.jpg,20.0
Nike_1337.jpg,20.0
Nike_1378.jpg,20.0
Adidas_0464.jpg,0.0
BFGoodrich_0196.jpg,4.0
Puma_0243.jpg,22.0
Adidas_0471.jpg,0.0
Nike_0893.jpg,20.0
Mercedes_0089.jpg,19.0
Citroen-text_0307.jpg,11.0
Airness_0025.jpg,2.0
Puma_0093.jpg,22.0
Adidas_0865.jpg,0.0
Bik_0061.jpg,5.0
Nike_1701.jpg,20.0
TNT_0039.jpg,31.0
Nike_1754.jpg,20.0
Nike_1931.jpg,20.0
Nike_1495.jpg,20.0
Dexia_0487.jpg,14.0
Bridgestone-text_0123.jpg,8.0
Quick_0208.jpg,24.0
Quick_0227.jpg,24.0
Adidas_0172.jpg,0.0
Standard_Liege_0055.jpg,29.0
Nike_2110.jpg,20.0
Bouigues_0018.jpg,6.0
Standard_Liege_0070.jpg,29.0
Kia_0005.jpg,18.0
Adidas_0665.jpg,0.0
Adidas_0419.jpg,0.0
Dexia_0415.jpg,14.0
Nike_1850.jpg,20.0
Standard_Liege_0157.jpg,29.0
Standard_Liege_0372.jpg,29.0
Quick_0036.jpg,24.0
Total_0005.jpg,32.0
Adidas_0408.jpg,0.0
Citroen-text_0105.jpg,11.0
Standard_Liege_0146.jpg,29.0
Puma_0211.jpg,22.0
Citroen-text_0147.jpg,11.0
Nike_0114.jpg,20.0
Puma_0779.jpg,22.0
BFGoodrich_0034.jpg,4.0
VRT_0014.jpg,36.0
Mercedes_0241.jpg,19.0
Veolia_0018.jpg,35.0
Carglass_0027.jpg,9.0
Adidas-text_0008.jpg,1.0
Dexia_0238.jpg,14.0
Nike_1891.jpg,20.0
Peugeot_0001.jpg,21.0
Carglass_0057.jpg,9.0
Mercedes_0120.jpg,19.0
Nike_1108.jpg,20.0
Veolia_0042.jpg,35.0
Base_0044.jpg,3.0
Nike_0732.jpg,20.0
Umbro_0332.jpg,33.0
Nike_0786.jpg,20.0
Dexia_0122.jpg,14.0
Reebok_0039.jpg,25.0
Nike_0742.jpg,20.0
Nike_1137.jpg,20.0
Adidas_0060.jpg,0.0
Dexia_0258.jpg,14.0
Puma_0027.jpg,22.0
Dexia_0041.jpg,14.0
Umbro_0476.jpg,33.0
Adidas_0426.jpg,0.0
Shell_0004.jpg,27.0
Dexia_0496.jpg,14.0
Shell_0213.jpg,27.0
StellaArtois_0008.jpg,30.0
Puma_0223.jpg,22.0
Kia_0006.jpg,18.0
Mercedes_0233.jpg,19.0
Puma_0501.jpg,22.0
Bridgestone-text_0020.jpg,8.0
Nike_0143.jpg,20.0
Nike_1020.jpg,20.0
Nike_0259.jpg,20.0
Nike_2232.jpg,20.0
Nike_0762.jpg,20.0
Puma_0288.jpg,22.0
Adidas-text_0132.jpg,1.0
Quick_0202.jpg,24.0
Ferrari_0037.jpg,16.0
Bik_0166.jpg,5.0
Dexia_0458.jpg,14.0
Nike_1075.jpg,20.0
Nike_0293.jpg,20.0
Nike_0301.jpg,20.0
Nike_1664.jpg,20.0
Adidas_0924.jpg,0.0
Citroen_0157.jpg,10.0
Bik_0052.jpg,5.0
Quick_0138.jpg,24.0
Shell_0139.jpg,27.0
Citroen-text_0024.jpg,11.0
Nike_0913.jpg,20.0
Nike_0351.jpg,20.0
Ferrari_0067.jpg,16.0
Adidas_0080.jpg,0.0
Base_0206.jpg,3.0
Adidas_0560.jpg,0.0
Kia_0234.jpg,18.0
Adidas_0373.jpg,0.0
Nike_0636.jpg,20.0
Puma_0640.jpg,22.0
Puma_0352.jpg,22.0
Nike_2192.jpg,20.0
Nike_1745.jpg,20.0
Citroen_0221.jpg,10.0
Dexia_0276.jpg,14.0
Quick_0104.jpg,24.0
Puma_0563.jpg,22.0
Adidas_0600.jpg,0.0
Adidas_0638.jpg,0.0
Reebok_0051.jpg,25.0
Puma_0419.jpg,22.0
Nike_0216.jpg,20.0
Nike_0385.jpg,20.0
Puma_0256.jpg,22.0
Adidas_0187.jpg,0.0
Base_0139.jpg,3.0
Bik_0193.jpg,5.0
Kia_0167.jpg,18.0
Ferrari_0060.jpg,16.0
Adidas_0875.jpg,0.0
Puma_0195.jpg,22.0
BFGoodrich_0103.jpg,4.0
Nike_1634.jpg,20.0
Nike_1736.jpg,20.0
Base_0031.jpg,3.0
Kia_0008.jpg,18.0
Shell_0096.jpg,27.0
Nike_2048.jpg,20.0
Nike_0905.jpg,20.0
Bridgestone-text_0172.jpg,8.0
Bridgestone-text_0157.jpg,8.0
Adidas_0969.jpg,0.0
Umbro_0079.jpg,33.0
Dexia_0103.jpg,14.0
Nike_1367.jpg,20.0
Puma_0731.jpg,22.0
Puma-text_0049.jpg,23.0
Bridgestone-text_0044.jpg,8.0
Nike_1247.jpg,20.0
Reebok_0060.jpg,25.0
Nike_0901.jpg,20.0
Shell_0085.jpg,27.0
Shell_0101.jpg,27.0
Nike_0789.jpg,20.0
Gucci_0001.jpg,17.0
Gucci_0002.jpg,17.0
Gucci_0003.jpg,17.0
Roche_0000.jpg,26.0
