Adidas_0651.jpg,0.0
Adidas_0491.jpg,0.0
Adidas_0819.jpg,0.0
Adidas_0744.jpg,0.0
Adidas_1026.jpg,0.0
Adidas_0158.jpg,0.0
Adidas_0548.jpg,0.0
Adidas_0549.jpg,0.0
Adidas_0204.jpg,0.0
Adidas_0674.jpg,0.0
Adidas_0482.jpg,0.0
Adidas_0516.jpg,0.0
Adidas_0034.jpg,0.0
Adidas_0833.jpg,0.0
Adidas_0466.jpg,0.0
Adidas_0829.jpg,0.0
Adidas_0459.jpg,0.0
Adidas_0758.jpg,0.0
Adidas_0663.jpg,0.0
Adidas_0965.jpg,0.0
Adidas_0734.jpg,0.0
Adidas_0367.jpg,0.0
Adidas_0834.jpg,0.0
Adidas_0567.jpg,0.0
Adidas_0778.jpg,0.0
Adidas_0622.jpg,0.0
Adidas_0899.jpg,0.0
Adidas_0338.jpg,0.0
Adidas_0666.jpg,0.0
Adidas_0597.jpg,0.0
Adidas_0475.jpg,0.0
Adidas_0474.jpg,0.0
Adidas_0684.jpg,0.0
Adidas_0124.jpg,0.0
Adidas_0007.jpg,0.0
Adidas_0640.jpg,0.0
Adidas_0434.jpg,0.0
Adidas_0869.jpg,0.0
Adidas_0164.jpg,0.0
Adidas_0783.jpg,0.0
Adidas_0793.jpg,0.0
Adidas_0735.jpg,0.0
Adidas_0154.jpg,0.0
Adidas_0231.jpg,0.0
Adidas_0292.jpg,0.0
Adidas_0877.jpg,0.0
Adidas_0137.jpg,0.0
Adidas_0311.jpg,0.0
Adidas_0175.jpg,0.0
Adidas_0760.jpg,0.0
Adidas_0346.jpg,0.0
Adidas_0534.jpg,0.0
Adidas_0308.jpg,0.0
Adidas_0562.jpg,0.0
Adidas_0897.jpg,0.0
Adidas_0588.jpg,0.0
Adidas_0507.jpg,0.0
Adidas_0070.jpg,0.0
Adidas_0214.jpg,0.0
Adidas_0755.jpg,0.0
Adidas_0953.jpg,0.0
Adidas_0854.jpg,0.0
Adidas_0943.jpg,0.0
Adidas_0772.jpg,0.0
Adidas_0690.jpg,0.0
Adidas_0898.jpg,0.0
Adidas_0277.jpg,0.0
Adidas_0492.jpg,0.0
Adidas_0029.jpg,0.0
Adidas_0136.jpg,0.0
Adidas_0800.jpg,0.0
Adidas_0291.jpg,0.0
Adidas_0962.jpg,0.0
Adidas_0272.jpg,0.0
Adidas_0906.jpg,0.0
Adidas_0067.jpg,0.0
Adidas_0287.jpg,0.0
Adidas_0486.jpg,0.0
Adidas_0105.jpg,0.0
Adidas_0798.jpg,0.0
Adidas_0281.jpg,0.0
Adidas_0563.jpg,0.0
Adidas_0920.jpg,0.0
Adidas_0711.jpg,0.0
Adidas_0710.jpg,0.0
Adidas_0543.jpg,0.0
Adidas_0716.jpg,0.0
Adidas_0076.jpg,0.0
Adidas_0495.jpg,0.0
Adidas_0763.jpg,0.0
Adidas_0759.jpg,0.0
Adidas_0512.jpg,0.0
Adidas_0858.jpg,0.0
Adidas_0059.jpg,0.0
Adidas_0751.jpg,0.0
Adidas_0197.jpg,0.0
Adidas_0181.jpg,0.0
Adidas_0787.jpg,0.0
Adidas-text_0059.jpg,1.0
Adidas-text_0173.jpg,1.0
Adidas-text_0128.jpg,1.0
Adidas-text_0076.jpg,1.0
Adidas-text_0018.jpg,1.0
Adidas-text_0093.jpg,1.0
Adidas-text_0081.jpg,1.0
Adidas-text_0092.jpg,1.0
Adidas-text_0012.jpg,1.0
Adidas-text_0015.jpg,1.0
Adidas-text_0044.jpg,1.0
Adidas-text_0064.jpg,1.0
Adidas-text_0045.jpg,1.0
Adidas-text_0073.jpg,1.0
Adidas-text_0124.jpg,1.0
Adidas-text_0011.jpg,1.0
Airness_0094.jpg,2.0
Airness_0071.jpg,2.0
Airness_0021.jpg,2.0
Airness_0065.jpg,2.0
Airness_0051.jpg,2.0
Airness_0066.jpg,2.0
Airness_0107.jpg,2.0
Airness_0060.jpg,2.0
Airness_0004.jpg,2.0
Airness_0095.jpg,2.0
Airness_0015.jpg,2.0
Base_0200.jpg,3.0
Base_0222.jpg,3.0
Base_0144.jpg,3.0
Base_0195.jpg,3.0
Base_0177.jpg,3.0
Base_0114.jpg,3.0
Base_0066.jpg,3.0
Base_0029.jpg,3.0
Base_0237.jpg,3.0
Base_0242.jpg,3.0
Base_0233.jpg,3.0
Base_0182.jpg,3.0
Base_0040.jpg,3.0
Base_0129.jpg,3.0
Base_0078.jpg,3.0
Base_0191.jpg,3.0
Base_0189.jpg,3.0
Base_0079.jpg,3.0
Base_0133.jpg,3.0
Base_0247.jpg,3.0
Base_0167.jpg,3.0
Base_0246.jpg,3.0
Base_0175.jpg,3.0
BFGoodrich_0226.jpg,4.0
BFGoodrich_0056.jpg,4.0
BFGoodrich_0280.jpg,4.0
BFGoodrich_0022.jpg,4.0
BFGoodrich_0137.jpg,4.0
BFGoodrich_0092.jpg,4.0
BFGoodrich_0287.jpg,4.0
BFGoodrich_0143.jpg,4.0
BFGoodrich_0255.jpg,4.0
BFGoodrich_0140.jpg,4.0
BFGoodrich_0172.jpg,4.0
BFGoodrich_0245.jpg,4.0
BFGoodrich_0111.jpg,4.0
BFGoodrich_0045.jpg,4.0
BFGoodrich_0065.jpg,4.0
BFGoodrich_0193.jpg,4.0
BFGoodrich_0300.jpg,4.0
BFGoodrich_0181.jpg,4.0
BFGoodrich_0080.jpg,4.0
BFGoodrich_0257.jpg,4.0
BFGoodrich_0236.jpg,4.0
BFGoodrich_0207.jpg,4.0
BFGoodrich_0167.jpg,4.0
BFGoodrich_0284.jpg,4.0
BFGoodrich_0179.jpg,4.0
BFGoodrich_0145.jpg,4.0
BFGoodrich_0154.jpg,4.0
BFGoodrich_0180.jpg,4.0
BFGoodrich_0155.jpg,4.0
BFGoodrich_0122.jpg,4.0
Bik_0035.jpg,5.0
Bik_0054.jpg,5.0
Bik_0195.jpg,5.0
Bik_0098.jpg,5.0
Bik_0157.jpg,5.0
Bik_0083.jpg,5.0
Bik_0126.jpg,5.0
Bik_0065.jpg,5.0
Bik_0256.jpg,5.0
Bik_0102.jpg,5.0
Bik_0202.jpg,5.0
Bik_0116.jpg,5.0
Bik_0148.jpg,5.0
Bik_0113.jpg,5.0
Bik_0107.jpg,5.0
Bik_0007.jpg,5.0
Bik_0127.jpg,5.0
Bik_0015.jpg,5.0
Bik_0204.jpg,5.0
Bik_0257.jpg,5.0
Bik_0263.jpg,5.0
Bik_0180.jpg,5.0
Bik_0249.jpg,5.0
Bik_0175.jpg,5.0
Bik_0033.jpg,5.0
Bik_0124.jpg,5.0
Bouigues_0013.jpg,6.0
Bouigues_0019.jpg,6.0
Bouigues_0031.jpg,6.0
Bridgestone_0007.jpg,7.0
Bridgestone_0000.jpg,7.0
Bridgestone_0061.jpg,7.0
Bridgestone_0005.jpg,7.0
Bridgestone_0054.jpg,7.0
Bridgestone_0033.jpg,7.0
Bridgestone_0066.jpg,7.0
Bridgestone_0046.jpg,7.0
Bridgestone_0021.jpg,7.0
Bridgestone_0045.jpg,7.0
Bridgestone-text_0105.jpg,8.0
Bridgestone-text_0079.jpg,8.0
Bridgestone-text_0100.jpg,8.0
Bridgestone-text_0087.jpg,8.0
Bridgestone-text_0037.jpg,8.0
Bridgestone-text_0155.jpg,8.0
Bridgestone-text_0101.jpg,8.0
Bridgestone-text_0171.jpg,8.0
Bridgestone-text_0064.jpg,8.0
Bridgestone-text_0007.jpg,8.0
Bridgestone-text_0067.jpg,8.0
Bridgestone-text_0081.jpg,8.0
Bridgestone-text_0078.jpg,8.0
Bridgestone-text_0070.jpg,8.0
Bridgestone-text_0098.jpg,8.0
Bridgestone-text_0125.jpg,8.0
Bridgestone-text_0052.jpg,8.0
Bridgestone-text_0003.jpg,8.0
Bridgestone-text_0009.jpg,8.0
Carglass_0025.jpg,9.0
Carglass_0041.jpg,9.0
Carglass_0035.jpg,9.0
Carglass_0007.jpg,9.0
Carglass_0022.jpg,9.0
Citroen_0101.jpg,10.0
Citroen_0168.jpg,10.0
Citroen_0171.jpg,10.0
Citroen_0066.jpg,10.0
Citroen_0019.jpg,10.0
Citroen_0150.jpg,10.0
Citroen_0006.jpg,10.0
Citroen_0140.jpg,10.0
Citroen_0141.jpg,10.0
Citroen_0020.jpg,10.0
Citroen_0137.jpg,10.0
Citroen_0105.jpg,10.0
Citroen_0175.jpg,10.0
Citroen_0015.jpg,10.0
Citroen_0214.jpg,10.0
Citroen_0208.jpg,10.0
Citroen_0232.jpg,10.0
Citroen_0086.jpg,10.0
Citroen_0228.jpg,10.0
Citroen_0192.jpg,10.0
Citroen_0036.jpg,10.0
Citroen_0154.jpg,10.0
Citroen_0070.jpg,10.0
Citroen_0202.jpg,10.0
Citroen-text_0100.jpg,11.0
Citroen-text_0031.jpg,11.0
Citroen-text_0165.jpg,11.0
Citroen-text_0271.jpg,11.0
Citroen-text_0150.jpg,11.0
Citroen-text_0039.jpg,11.0
Citroen-text_0180.jpg,11.0
Citroen-text_0314.jpg,11.0
Citroen-text_0321.jpg,11.0
Citroen-text_0279.jpg,11.0
Citroen-text_0219.jpg,11.0
Citroen-text_0145.jpg,11.0
Citroen-text_0115.jpg,11.0
Citroen-text_0137.jpg,11.0
Citroen-text_0260.jpg,11.0
Citroen-text_0234.jpg,11.0
Citroen-text_0113.jpg,11.0
Citroen-text_0023.jpg,11.0
Citroen-text_0291.jpg,11.0
Citroen-text_0127.jpg,11.0
Citroen-text_0186.jpg,11.0
Citroen-text_0317.jpg,11.0
Citroen-text_0016.jpg,11.0
Citroen-text_0067.jpg,11.0
Citroen-text_0225.jpg,11.0
Citroen-text_0241.jpg,11.0
Citroen-text_0199.jpg,11.0
Citroen-text_0236.jpg,11.0
Citroen-text_0211.jpg,11.0
Citroen-text_0324.jpg,11.0
Citroen-text_0037.jpg,11.0
Citroen-text_0077.jpg,11.0
CocaCola_0077.jpg,12.0
CocaCola_0011.jpg,12.0
CocaCola_0045.jpg,12.0
CocaCola_0023.jpg,12.0
CocaCola_0000.jpg,12.0
CocaCola_0012.jpg,12.0
CocaCola_0084.jpg,12.0
CocaCola_0021.jpg,12.0
Cofidis_0009.jpg,13.0
Cofidis_0030.jpg,13.0
Cofidis_0056.jpg,13.0
Cofidis_0074.jpg,13.0
Cofidis_0045.jpg,13.0
Cofidis_0044.jpg,13.0
Cofidis_0036.jpg,13.0
Dexia_0202.jpg,14.0
Dexia_0084.jpg,14.0
Dexia_0514.jpg,14.0
Dexia_0313.jpg,14.0
Dexia_0427.jpg,14.0
Dexia_0340.jpg,14.0
Dexia_0142.jpg,14.0
Dexia_0401.jpg,14.0
Dexia_0159.jpg,14.0
Dexia_0271.jpg,14.0
Dexia_0187.jpg,14.0
Dexia_0154.jpg,14.0
Dexia_0468.jpg,14.0
Dexia_0302.jpg,14.0
Dexia_0570.jpg,14.0
Dexia_0106.jpg,14.0
Dexia_0489.jpg,14.0
Dexia_0030.jpg,14.0
Dexia_0459.jpg,14.0
Dexia_0582.jpg,14.0
Dexia_0346.jpg,14.0
Dexia_0359.jpg,14.0
Dexia_0367.jpg,14.0
Dexia_0530.jpg,14.0
Dexia_0249.jpg,14.0
Dexia_0171.jpg,14.0
Dexia_0073.jpg,14.0
Dexia_0005.jpg,14.0
Dexia_0596.jpg,14.0
Dexia_0112.jpg,14.0
Dexia_0163.jpg,14.0
Dexia_0474.jpg,14.0
Dexia_0519.jpg,14.0
Dexia_0421.jpg,14.0
Dexia_0177.jpg,14.0
Dexia_0262.jpg,14.0
Dexia_0270.jpg,14.0
Dexia_0085.jpg,14.0
Dexia_0200.jpg,14.0
Dexia_0419.jpg,14.0
Dexia_0015.jpg,14.0
Dexia_0604.jpg,14.0
Dexia_0378.jpg,14.0
Dexia_0205.jpg,14.0
Dexia_0406.jpg,14.0
Dexia_0042.jpg,14.0
Dexia_0364.jpg,14.0
Dexia_0539.jpg,14.0
Dexia_0139.jpg,14.0
Dexia_0316.jpg,14.0
Dexia_0007.jpg,14.0
Dexia_0184.jpg,14.0
Dexia_0498.jpg,14.0
Dexia_0199.jpg,14.0
Dexia_0345.jpg,14.0
Dexia_0054.jpg,14.0
Dexia_0332.jpg,14.0
Dexia_0569.jpg,14.0
Dexia_0620.jpg,14.0
Dexia_0289.jpg,14.0
Dexia_0157.jpg,14.0
Dexia_0065.jpg,14.0
ELeclerc_0006.jpg,15.0
ELeclerc_0014.jpg,15.0
Ferrari_0153.jpg,16.0
Ferrari_0091.jpg,16.0
Ferrari_0105.jpg,16.0
Ferrari_0152.jpg,16.0
Ferrari_0089.jpg,16.0
Ferrari_0058.jpg,16.0
Ferrari_0088.jpg,16.0
Ferrari_0099.jpg,16.0
Ferrari_0062.jpg,16.0
Ferrari_0174.jpg,16.0
Ferrari_0082.jpg,16.0
Ferrari_0030.jpg,16.0
Ferrari_0095.jpg,16.0
Ferrari_0007.jpg,16.0
Ferrari_0078.jpg,16.0
Ferrari_0149.jpg,16.0
Ferrari_0177.jpg,16.0
Ferrari_0139.jpg,16.0
Ferrari_0069.jpg,16.0
Ferrari_0180.jpg,16.0
Ferrari_0066.jpg,16.0
Gucci_0000.jpg,17.0
Kia_0195.jpg,18.0
Kia_0079.jpg,18.0
Kia_0109.jpg,18.0
Kia_0082.jpg,18.0
Kia_0103.jpg,18.0
Kia_0030.jpg,18.0
Kia_0231.jpg,18.0
Kia_0220.jpg,18.0
Kia_0176.jpg,18.0
Kia_0142.jpg,18.0
Kia_0159.jpg,18.0
Kia_0101.jpg,18.0
Kia_0149.jpg,18.0
Kia_0166.jpg,18.0
Kia_0193.jpg,18.0
Kia_0135.jpg,18.0
Kia_0187.jpg,18.0
Kia_0141.jpg,18.0
Kia_0158.jpg,18.0
Kia_0177.jpg,18.0
Kia_0000.jpg,18.0
Kia_0229.jpg,18.0
Mercedes_0026.jpg,19.0
Mercedes_0080.jpg,19.0
Mercedes_0115.jpg,19.0
Mercedes_0165.jpg,19.0
Mercedes_0000.jpg,19.0
Mercedes_0126.jpg,19.0
Mercedes_0141.jpg,19.0
Mercedes_0005.jpg,19.0
Mercedes_0227.jpg,19.0
Mercedes_0201.jpg,19.0
Mercedes_0043.jpg,19.0
Mercedes_0013.jpg,19.0
Mercedes_0167.jpg,19.0
Mercedes_0123.jpg,19.0
Mercedes_0035.jpg,19.0
Mercedes_0125.jpg,19.0
Mercedes_0119.jpg,19.0
Mercedes_0219.jpg,19.0
Mercedes_0057.jpg,19.0
Mercedes_0010.jpg,19.0
Mercedes_0150.jpg,19.0
Mercedes_0133.jpg,19.0
Mercedes_0101.jpg,19.0
Mercedes_0144.jpg,19.0
Mercedes_0023.jpg,19.0
Mercedes_0166.jpg,19.0
Nike_0207.jpg,20.0
Nike_1973.jpg,20.0
Nike_1478.jpg,20.0
Nike_1279.jpg,20.0
Nike_0882.jpg,20.0
Nike_0251.jpg,20.0
Nike_1803.jpg,20.0
Nike_1357.jpg,20.0
Nike_2040.jpg,20.0
Nike_2151.jpg,20.0
Nike_0442.jpg,20.0
Nike_1928.jpg,20.0
Nike_0103.jpg,20.0
Nike_1456.jpg,20.0
Nike_1323.jpg,20.0
Nike_1467.jpg,20.0
Nike_2216.jpg,20.0
Nike_2213.jpg,20.0
Nike_1202.jpg,20.0
Nike_0390.jpg,20.0
Nike_1651.jpg,20.0
Nike_0110.jpg,20.0
Nike_0557.jpg,20.0
Nike_1101.jpg,20.0
Nike_1165.jpg,20.0
Nike_1049.jpg,20.0
Nike_1628.jpg,20.0
Nike_0401.jpg,20.0
Nike_0596.jpg,20.0
Nike_1727.jpg,20.0
Nike_0668.jpg,20.0
Nike_0930.jpg,20.0
Nike_1376.jpg,20.0
Nike_0844.jpg,20.0
Nike_2172.jpg,20.0
Nike_1007.jpg,20.0
Nike_0422.jpg,20.0
Nike_1025.jpg,20.0
Nike_0508.jpg,20.0
Nike_0097.jpg,20.0
Nike_2049.jpg,20.0
Nike_1699.jpg,20.0
Nike_0729.jpg,20.0
Nike_0425.jpg,20.0
Nike_0654.jpg,20.0
Nike_0400.jpg,20.0
Nike_0690.jpg,20.0
Nike_0976.jpg,20.0
Nike_1226.jpg,20.0
Nike_0506.jpg,20.0
Nike_1936.jpg,20.0
Nike_1441.jpg,20.0
Nike_0478.jpg,20.0
Nike_0002.jpg,20.0
Nike_1172.jpg,20.0
Nike_0196.jpg,20.0
Nike_1111.jpg,20.0
Nike_2004.jpg,20.0
Nike_0186.jpg,20.0
Nike_1022.jpg,20.0
Nike_0839.jpg,20.0
Nike_1646.jpg,20.0
Nike_1292.jpg,20.0
Nike_1296.jpg,20.0
Nike_1685.jpg,20.0
Nike_0382.jpg,20.0
Nike_0779.jpg,20.0
Nike_0650.jpg,20.0
Nike_1526.jpg,20.0
Nike_0511.jpg,20.0
Nike_1041.jpg,20.0
Nike_0242.jpg,20.0
Nike_2185.jpg,20.0
Nike_0570.jpg,20.0
Nike_1208.jpg,20.0
Nike_1244.jpg,20.0
Nike_0170.jpg,20.0
Nike_0992.jpg,20.0
Nike_1072.jpg,20.0
Nike_1669.jpg,20.0
Nike_1919.jpg,20.0
Nike_0521.jpg,20.0
Nike_0237.jpg,20.0
Nike_0128.jpg,20.0
Nike_0470.jpg,20.0
Nike_0101.jpg,20.0
Nike_0213.jpg,20.0
Nike_1585.jpg,20.0
Nike_1048.jpg,20.0
Nike_0480.jpg,20.0
Nike_1933.jpg,20.0
Nike_0253.jpg,20.0
Nike_0569.jpg,20.0
Nike_1971.jpg,20.0
Nike_0563.jpg,20.0
Nike_0504.jpg,20.0
Nike_0113.jpg,20.0
Nike_1027.jpg,20.0
Nike_0059.jpg,20.0
Nike_1277.jpg,20.0
Nike_1542.jpg,20.0
Nike_0195.jpg,20.0
Nike_0420.jpg,20.0
Nike_1518.jpg,20.0
Nike_1449.jpg,20.0
Nike_1761.jpg,20.0
Nike_0912.jpg,20.0
Nike_1280.jpg,20.0
Nike_1418.jpg,20.0
Nike_1500.jpg,20.0
Nike_2156.jpg,20.0
Nike_2000.jpg,20.0
Nike_2227.jpg,20.0
Nike_1177.jpg,20.0
Nike_0307.jpg,20.0
Nike_0900.jpg,20.0
Nike_1893.jpg,20.0
Nike_0906.jpg,20.0
Nike_1431.jpg,20.0
Nike_0349.jpg,20.0
Nike_1319.jpg,20.0
Nike_1984.jpg,20.0
Nike_1563.jpg,20.0
Nike_0593.jpg,20.0
Nike_0678.jpg,20.0
Nike_1287.jpg,20.0
Nike_0710.jpg,20.0
Nike_0408.jpg,20.0
Nike_0932.jpg,20.0
Nike_0413.jpg,20.0
Nike_1460.jpg,20.0
Nike_0122.jpg,20.0
Nike_1565.jpg,20.0
Nike_1605.jpg,20.0
Nike_0756.jpg,20.0
Nike_1284.jpg,20.0
Nike_0750.jpg,20.0
Nike_1163.jpg,20.0
Nike_1775.jpg,20.0
Nike_0547.jpg,20.0
Nike_1162.jpg,20.0
Nike_1318.jpg,20.0
Nike_0748.jpg,20.0
Nike_1589.jpg,20.0
Nike_0055.jpg,20.0
Nike_1625.jpg,20.0
Nike_2219.jpg,20.0
Nike_0021.jpg,20.0
Nike_0519.jpg,20.0
Nike_1921.jpg,20.0
Nike_1707.jpg,20.0
Nike_1033.jpg,20.0
Nike_2096.jpg,20.0
Nike_0691.jpg,20.0
Nike_2066.jpg,20.0
Nike_0430.jpg,20.0
Nike_2175.jpg,20.0
Nike_1407.jpg,20.0
Nike_1207.jpg,20.0
Nike_1913.jpg,20.0
Nike_1769.jpg,20.0
Nike_2198.jpg,20.0
Nike_1927.jpg,20.0
Nike_0034.jpg,20.0
Nike_1147.jpg,20.0
Nike_0410.jpg,20.0
Nike_1274.jpg,20.0
Nike_1240.jpg,20.0
Nike_0476.jpg,20.0
Nike_1459.jpg,20.0
Nike_0800.jpg,20.0
Nike_0172.jpg,20.0
Nike_1659.jpg,20.0
Nike_1731.jpg,20.0
Nike_1622.jpg,20.0
Nike_1342.jpg,20.0
Nike_1773.jpg,20.0
Nike_0317.jpg,20.0
Nike_1901.jpg,20.0
Nike_0001.jpg,20.0
Nike_2152.jpg,20.0
Nike_1492.jpg,20.0
Nike_2190.jpg,20.0
Nike_0790.jpg,20.0
Nike_1143.jpg,20.0
Nike_0734.jpg,20.0
Nike_1549.jpg,20.0
Nike_1322.jpg,20.0
Nike_2021.jpg,20.0
Nike_1466.jpg,20.0
Nike_0189.jpg,20.0
Nike_0391.jpg,20.0
Nike_1368.jpg,20.0
Nike_1759.jpg,20.0
Nike_0949.jpg,20.0
Nike_2020.jpg,20.0
Nike_1002.jpg,20.0
Nike_0388.jpg,20.0
Nike_0857.jpg,20.0
Nike_0368.jpg,20.0
Nike_1885.jpg,20.0
Nike_1377.jpg,20.0
Nike_0644.jpg,20.0
Nike_1213.jpg,20.0
Nike_1014.jpg,20.0
Nike_1890.jpg,20.0
Nike_0283.jpg,20.0
Nike_1065.jpg,20.0
Nike_2125.jpg,20.0
Nike_0558.jpg,20.0
Nike_0205.jpg,20.0
Peugeot_0000.jpg,21.0
Puma_0092.jpg,22.0
Puma_0203.jpg,22.0
Puma_0791.jpg,22.0
Puma_0258.jpg,22.0
Puma_0040.jpg,22.0
Puma_0415.jpg,22.0
Puma_0790.jpg,22.0
Puma_0002.jpg,22.0
Puma_0751.jpg,22.0
Puma_0529.jpg,22.0
Puma_0774.jpg,22.0
Puma_0489.jpg,22.0
Puma_0401.jpg,22.0
Puma_0581.jpg,22.0
Puma_0437.jpg,22.0
Puma_0798.jpg,22.0
Puma_0520.jpg,22.0
Puma_0175.jpg,22.0
Puma_0497.jpg,22.0
Puma_0644.jpg,22.0
Puma_0438.jpg,22.0
Puma_0579.jpg,22.0
Puma_0319.jpg,22.0
Puma_0430.jpg,22.0
Puma_0338.jpg,22.0
Puma_0059.jpg,22.0
Puma_0547.jpg,22.0
Puma_0787.jpg,22.0
Puma_0137.jpg,22.0
Puma_0700.jpg,22.0
Puma_0052.jpg,22.0
Puma_0273.jpg,22.0
Puma_0546.jpg,22.0
Puma_0278.jpg,22.0
Puma_0759.jpg,22.0
Puma_0001.jpg,22.0
Puma_0094.jpg,22.0
Puma_0410.jpg,22.0
Puma_0626.jpg,22.0
Puma_0139.jpg,22.0
Puma_0126.jpg,22.0
Puma_0448.jpg,22.0
Puma_0769.jpg,22.0
Puma_0624.jpg,22.0
Puma_0519.jpg,22.0
Puma_0637.jpg,22.0
Puma_0354.jpg,22.0
Puma_0073.jpg,22.0
Puma_0201.jpg,22.0
Puma_0733.jpg,22.0
Puma_0120.jpg,22.0
Puma_0553.jpg,22.0
Puma_0653.jpg,22.0
Puma_0479.jpg,22.0
Puma_0038.jpg,22.0
Puma_0067.jpg,22.0
Puma_0668.jpg,22.0
Puma_0181.jpg,22.0
Puma_0345.jpg,22.0
Puma_0396.jpg,22.0
Puma_0384.jpg,22.0
Puma_0463.jpg,22.0
Puma_0089.jpg,22.0
Puma_0106.jpg,22.0
Puma_0646.jpg,22.0
Puma_0275.jpg,22.0
Puma_0075.jpg,22.0
Puma_0148.jpg,22.0
Puma_0012.jpg,22.0
Puma_0635.jpg,22.0
Puma_0414.jpg,22.0
Puma_0427.jpg,22.0
Puma_0055.jpg,22.0
Puma_0277.jpg,22.0
Puma_0494.jpg,22.0
Puma_0259.jpg,22.0
Puma_0350.jpg,22.0
Puma_0307.jpg,22.0
Puma_0712.jpg,22.0
Puma-text_0033.jpg,23.0
Puma-text_0078.jpg,23.0
Puma-text_0018.jpg,23.0
Puma-text_0051.jpg,23.0
Puma-text_0020.jpg,23.0
Puma-text_0054.jpg,23.0
Puma-text_0068.jpg,23.0
Puma-text_0041.jpg,23.0
Quick_0025.jpg,24.0
Quick_0139.jpg,24.0
Quick_0101.jpg,24.0
Quick_0081.jpg,24.0
Quick_0108.jpg,24.0
Quick_0219.jpg,24.0
Quick_0186.jpg,24.0
Quick_0236.jpg,24.0
Quick_0166.jpg,24.0
Quick_0055.jpg,24.0
Quick_0059.jpg,24.0
Quick_0040.jpg,24.0
Quick_0046.jpg,24.0
Quick_0124.jpg,24.0
Quick_0002.jpg,24.0
Quick_0009.jpg,24.0
Quick_0024.jpg,24.0
Quick_0005.jpg,24.0
Quick_0148.jpg,24.0
Quick_0179.jpg,24.0
Quick_0079.jpg,24.0
Quick_0012.jpg,24.0
Quick_0144.jpg,24.0
Quick_0099.jpg,24.0
Reebok_0006.jpg,25.0
Reebok_0031.jpg,25.0
Reebok_0027.jpg,25.0
Reebok_0043.jpg,25.0
Reebok_0023.jpg,25.0
Reebok_0004.jpg,25.0
Roche_0001.jpg,26.0
Shell_0037.jpg,27.0
Shell_0176.jpg,27.0
Shell_0024.jpg,27.0
Shell_0159.jpg,27.0
Shell_0029.jpg,27.0
Shell_0153.jpg,27.0
Shell_0015.jpg,27.0
Shell_0058.jpg,27.0
Shell_0228.jpg,27.0
Shell_0157.jpg,27.0
Shell_0078.jpg,27.0
Shell_0152.jpg,27.0
Shell_0122.jpg,27.0
Shell_0189.jpg,27.0
Shell_0032.jpg,27.0
Shell_0067.jpg,27.0
Shell_0117.jpg,27.0
Shell_0223.jpg,27.0
Shell_0135.jpg,27.0
Shell_0064.jpg,27.0
Shell_0195.jpg,27.0
Shell_0206.jpg,27.0
Shell_0188.jpg,27.0
SNCF_0001.jpg,28.0
Standard_Liege_0002.jpg,29.0
Standard_Liege_0019.jpg,29.0
Standard_Liege_0175.jpg,29.0
Standard_Liege_0227.jpg,29.0
Standard_Liege_0380.jpg,29.0
Standard_Liege_0188.jpg,29.0
Standard_Liege_0358.jpg,29.0
Standard_Liege_0038.jpg,29.0
Standard_Liege_0104.jpg,29.0
Standard_Liege_0336.jpg,29.0
Standard_Liege_0266.jpg,29.0
Standard_Liege_0222.jpg,29.0
Standard_Liege_0360.jpg,29.0
Standard_Liege_0328.jpg,29.0
Standard_Liege_0151.jpg,29.0
Standard_Liege_0193.jpg,29.0
Standard_Liege_0054.jpg,29.0
Standard_Liege_0160.jpg,29.0
Standard_Liege_0219.jpg,29.0
Standard_Liege_0330.jpg,29.0
Standard_Liege_0032.jpg,29.0
Standard_Liege_0218.jpg,29.0
Standard_Liege_0051.jpg,29.0
Standard_Liege_0376.jpg,29.0
Standard_Liege_0231.jpg,29.0
Standard_Liege_0317.jpg,29.0
Standard_Liege_0110.jpg,29.0
Standard_Liege_0348.jpg,29.0
Standard_Liege_0373.jpg,29.0
Standard_Liege_0223.jpg,29.0
Standard_Liege_0109.jpg,29.0
Standard_Liege_0347.jpg,29.0
Standard_Liege_0207.jpg,29.0
Standard_Liege_0113.jpg,29.0
Standard_Liege_0022.jpg,29.0
Standard_Liege_0142.jpg,29.0
Standard_Liege_0377.jpg,29.0
StellaArtois_0017.jpg,30.0
StellaArtois_0018.jpg,30.0
TNT_0130.jpg,31.0
TNT_0028.jpg,31.0
TNT_0022.jpg,31.0
TNT_0167.jpg,31.0
TNT_0002.jpg,31.0
TNT_0088.jpg,31.0
TNT_0148.jpg,31.0
TNT_0007.jpg,31.0
TNT_0071.jpg,31.0
TNT_0056.jpg,31.0
TNT_0143.jpg,31.0
TNT_0026.jpg,31.0
TNT_0033.jpg,31.0
TNT_0110.jpg,31.0
TNT_0046.jpg,31.0
TNT_0058.jpg,31.0
TNT_0098.jpg,31.0
Total_0067.jpg,32.0
Total_0038.jpg,32.0
Total_0081.jpg,32.0
Total_0028.jpg,32.0
Total_0045.jpg,32.0
Total_0090.jpg,32.0
Total_0010.jpg,32.0
Total_0022.jpg,32.0
Total_0013.jpg,32.0
Umbro_0429.jpg,33.0
Umbro_0382.jpg,33.0
Umbro_0041.jpg,33.0
Umbro_0558.jpg,33.0
Umbro_0437.jpg,33.0
Umbro_0421.jpg,33.0
Umbro_0103.jpg,33.0
Umbro_0192.jpg,33.0
Umbro_0572.jpg,33.0
Umbro_0174.jpg,33.0
Umbro_0189.jpg,33.0
Umbro_0286.jpg,33.0
Umbro_0656.jpg,33.0
Umbro_0162.jpg,33.0
Umbro_0493.jpg,33.0
Umbro_0511.jpg,33.0
Umbro_0070.jpg,33.0
Umbro_0034.jpg,33.0
Umbro_0441.jpg,33.0
Umbro_0240.jpg,33.0
Umbro_0093.jpg,33.0
Umbro_0577.jpg,33.0
Umbro_0356.jpg,33.0
Umbro_0235.jpg,33.0
Umbro_0355.jpg,33.0
Umbro_0238.jpg,33.0
Umbro_0195.jpg,33.0
Umbro_0284.jpg,33.0
Umbro_0320.jpg,33.0
Umbro_0465.jpg,33.0
Umbro_0330.jpg,33.0
Umbro_0026.jpg,33.0
Umbro_0458.jpg,33.0
Umbro_0600.jpg,33.0
Umbro_0260.jpg,33.0
Umbro_0050.jpg,33.0
Umbro_0252.jpg,33.0
Umbro_0230.jpg,33.0
Umbro_0550.jpg,33.0
Umbro_0290.jpg,33.0
Umbro_0254.jpg,33.0
Umbro_0341.jpg,33.0
Umbro_0506.jpg,33.0
Umbro_0239.jpg,33.0
Umbro_0191.jpg,33.0
Umbro_0106.jpg,33.0
Umbro_0222.jpg,33.0
Umbro_0177.jpg,33.0
Umbro_0281.jpg,33.0
Umbro_0563.jpg,33.0
Umbro_0208.jpg,33.0
Umbro_0135.jpg,33.0
Umbro_0146.jpg,33.0
Umbro_0351.jpg,33.0
Umbro_0109.jpg,33.0
Umbro_0582.jpg,33.0
Umbro_0571.jpg,33.0
Umbro_0471.jpg,33.0
Umbro_0352.jpg,33.0
Umbro_0590.jpg,33.0
Umbro_0450.jpg,33.0
Umbro_0639.jpg,33.0
US_President_0001.jpg,34.0
Veolia_0039.jpg,35.0
Veolia_0047.jpg,35.0
Veolia_0031.jpg,35.0
Veolia_0058.jpg,35.0
Veolia_0037.jpg,35.0
Veolia_0005.jpg,35.0
VRT_0012.jpg,36.0
